Word,Count,Percent
asd,3,20
def,2,13.3333
fgh,1,6.66667
jkl,1,6.66667
123,1,6.66667
456,1,6.66667
vbn,1,6.66667
jgtbu,1,6.66667
jk,1,6.66667
k,1,6.66667
h,1,6.66667
lk,1,6.66667
